8ca51d2b-aaaf-4bf2-834a-e02964e10fc3, James
b10d126a-3608-4980-9f9c-aa179f5cebc3, Jamila
413df380-db93-4b2c-8ce3-91ab908b72ec, Alex
a39d72c3-a19b-430e-800a-c41b5172dc04, Bonnie
285e5250-be60-40bd-ba3b-377d4042aff6, Carl
1cbfbc66-47c4-4de6-8dba-60ae5352942d, Doug
0b5f3ba5-7b02-42d5-8e1b-ae68f318e2ee, Ezra
b6b522a7-9157-4049-993a-50b1a860633a, Frida
d4cfba3d-096f-4d03-a060-5c6f770bfefd, George
6b5f1276-8931-40b5-9e95-1f8b42230ee6, Hellen
c1651d0e-1e0b-402c-9ac7-64ada7fad5f1, Ike
27ee58e9-f1e6-4be8-9c7f-0f6db4c6c670, John